[{"name":"Huashan","detail":"detail","lon":"25.04727049","lat":"121.5208275","type":"fire"},{"name":"Zhongxiao","detail":"detail","lon":"25.04368791","lat":"121.5270839","type":"fire"},{"name":"Quanzhou","detail":"detail","lon":"25.024617","lat":"121.5124573","type":"fire"},{"name":"Chengzhong","detail":"detail","lon":"25.04695844","lat":"121.5134431","type":"fire"},{"name":"Shuangyuan","detail":"detail","lon":"25.02856863","lat":"121.4957885","type":"fire"},{"name":"Longshan","detail":"detail","lon":"25.03867196","lat":"121.4993304","type":"fire"},{"name":"Wanfang","detail":"detail","lon":"25.00207365","lat":"121.5664562","type":"fire"},{"name":"Jingmei","detail":"detail","lon":"24.99230784","lat":"121.5411929","type":"fire"},{"name":"Muja","detail":"detail","lon":"24.98881061","lat":"121.5634176","type":"fire"},{"name":"Baoqiao","detail":"detail","lon":"24.97990456","lat":"121.5549032","type":"fire"},{"name":"Jinhua","detail":"detail","lon":"25.0325055","lat":"121.5277685","type":"fire"},{"name":"Fuxing","detail":"detail","lon":"25.03291685","lat":"121.5522772","type":"fire"},{"name":"Anhe","detail":"detail","lon":"25.03006919","lat":"121.5433035","type":"fire"},{"name":"Yongji","detail":"detail","lon":"25.05467448","lat":"121.6072749","type":"fire"},{"name":"Xinyi","detail":"detail","lon":"25.04507807","lat":"121.6152943","type":"fire"},{"name":"Zhuangjing","detail":"detail","lon":"25.04081347","lat":"121.5687628","type":"fire"},{"name":"Nangang","detail":"detail","lon":"25.04553769","lat":"121.569194","type":"fire"},{"name":"Jiuzhuang","detail":"detail","lon":"25.029802","lat":"121.5652268","type":"fire"},{"name":"Chengde","detail":"detail","lon":"25.04794344","lat":"121.5870215","type":"fire"},{"name":"Dazhi","detail":"detail","lon":"25.08021896","lat":"121.5565041","type":"fire"},{"name":"Yuanshan","detail":"detail","lon":"25.05511466","lat":"121.5372317","type":"fire"},{"name":"Songjiang","detail":"detail","lon":"25.06852639","lat":"121.5291845","type":"fire"},{"name":"Zhonglun","detail":"detail","lon":"25.04854348","lat":"121.5629792","type":"fire"},{"name":"Bade","detail":"detail","lon":"25.04838798","lat":"121.545852","type":"fire"},{"name":"Minquan","detail":"detail","lon":"25.06747547","lat":"121.6129337","type":"fire"},{"name":"Neihu","detail":"detail","lon":"25.08389301","lat":"121.6016584","type":"fire"},{"name":"Dahu","detail":"detail","lon":"25.06951824","lat":"121.5903792","type":"fire"},{"name":"Donghu","detail":"detail","lon":"25.06690161","lat":"121.5777175","type":"fire"},{"name":"Jiancheng","detail":"detail","lon":"25.05471389","lat":"121.5184367","type":"fire"},{"name":"Yanping","detail":"detail","lon":"25.05024311","lat":"121.5113781","type":"fire"},{"name":"Datong","detail":"detail","lon":"25.07019392","lat":"121.5181432","type":"fire"},{"name":"Shanzihou","detail":"detail","lon":"25.13386112","lat":"121.5456841","type":"fire"},{"name":"Tianmu","detail":"detail","lon":"25.12527004","lat":"121.5329169","type":"fire"},{"name":"Fuan","detail":"detail","lon":"25.0955684","lat":"121.4973834","type":"fire"},{"name":"Shezi","detail":"detail","lon":"25.07910089","lat":"121.5115","type":"fire"},{"name":"Jiantan","detail":"detail","lon":"25.0900491","lat":"121.5271183","type":"fire"},{"name":"Shuangxi","detail":"detail","lon":"25.09763096","lat":"121.5446958","type":"fire"},{"name":"Hougang","detail":"detail","lon":"25.15158397","lat":"121.5466584","type":"fire"},{"name":"Yangmingshan","detail":"detail","lon":"25.13516428","lat":"121.5024755","type":"fire"},{"name":"Guangming","detail":"detail","lon":"25.12306434","lat":"121.4666824","type":"fire"},{"name":"Guandu","detail":"detail","lon":"25.11795191","lat":"121.5169199","type":"fire"},{"name":"Shipai","detail":"detail","lon":"25.14529135","lat":"121.4929068","type":"fire"},{"name":"Xiushan","detail":"detail","lon":"25.08734074","lat":"121.5180612","type":"fire"}]